{"cameraMode":{"drawMode":0,"name":"Shaded","section":"Shading Mode"},"sceneLighting":true,"audioPlay":false,"sceneViewState":{"m_AlwaysRefresh":false,"showFog":true,"showSkybox":true,"showFlares":true,"showImageEffects":true,"showParticleSystems":true,"showVisualEffectGraphs":true,"m_FxEnabled":true},"in2DMode":false,"pivot":{"x":-5.2703752517700199,"y":-23.694589614868165,"z":-52.41326141357422},"rotation":{"x":-0.005717994645237923,"y":0.9840598702430725,"z":-0.17481231689453126,"w":-0.03218981623649597},"size":32.55167770385742,"orthographic":false}